company_name,phone_rep,phone_login,rep_email,prefecture,status,active
有限会社綜合環境サービス,0471696933,0476426100,sogokankyo@nifty.com,千葉県,アクティブ,1
有限会社千代田衛生,0299592358,09084789910,gucchi@peach.ocn.ne.jp,茨城県,アクティブ,1
有限会社上野商店,0467823318,09047387329,ueno-shouten@nethome.ne.jp,神奈川県,アクティブ,1
有限会社河口商店,0564241374,09078655058,kawaguti@catvmics.ne.jp,愛知県,アクティブ,1
株式会社ビソー環境,0533698110,09023476392,takeru-b@mbn.nifty.com,愛知県,アクティブ,1
有限会社ジー・ケーサービス,0836210315,09084006998,y.hashiguchi@gk-service.jp,山口県,アクティブ,1
有限会社ケーアイ,0568240279,09050390135,ki@ecoro85.jp,愛知県,アクティブ,1
武松商事株式会社,0457706055,09088702362,m-fukawa@takematsu.co.jp,神奈川県,アクティブ,1
大村商事株式会社,0484720328,09044956111,kanemitsu0538@gmail.com,埼玉県,アクティブ,1
松岡クリーナー株式会社,0822552468,09087142092,n-kawakami@matsuoka-cl.com,広島県,アクティブ,1
株式会社大橋,0471581600,0471581600,o-hashi@gol.com,千葉県,アクティブ,1
株式会社西部ビルメン,0827383111,08052382577,info@seibubirumen.co.jp,山口県,アクティブ,1
株式会社西原資源,0822503933,08057586751,mizuiri@nishihara-rc.co.jp,広島県,アクティブ,1
株式会社小城クリーン環境,0952664968,07047182535,ogikurin@opal.ocn.ne.jp,佐賀県,アクティブ,1
株式会社永野商店,0962455318,08032215092,kumakuma@naganosyotens.co.jp,熊本県,アクティブ,1
株式会社センタークリーナー,0822540003,08028955060,centercleaner@ecenter.co.jp,広島県,アクティブ,1
有限会社つくば環境サービス,0296222626,09087497277,tsukubakankyou@e-mail.jp,茨城県,契約書却下,0
クリーントレイディング赤城産業株式会社,0495245353,0495245353,info-4710@ct-akagi.co.jp,埼玉県,アクティブ,1
株式会社トーアクリーン,0566927770,08051271399,reception@toaclean.jp,愛知県,アクティブ,1
有限会社ニチエイ環境,0930232005,09096550776,nichieikankyo@mountain.ocn.ne.jp,福岡県,アクティブ,1
護美飼糧株式会社,0862965300,0862965300,info@gomi.tv,岡山県,アクティブ,1
有限会社津山清美社,0868264661,,mail@seibisya.com,岡山県,アクティブ,1
株式会社フカマチ,0944724350,09074747047,yamaguchi317d@gmail.com,福岡県,アクティブ,1
有限会社渡辺新生興業,0476424788,,info@w-shinsei.co.jp,千葉県,アクティブ,1
株式会社松清,0964334659,08039623063,matsusei4659@yahoo.co.jp,熊本県,アクティブ,1
株式会社那珂川開発,0929529003,08027178500,jinno.syunn.01@gmail.com,福岡県,アクティブ,1
株式会社サンビッグ,0956261733,09057490481,sunbig.kk.1733@ace.ocn.ne.jp,長崎県,アクティブ,1
企業組合相知清掃社,0955623816,09082263539,ouchiseisousya@ia5.itkeeper.ne.jp,佐賀県,アクティブ,1
山友商事株式会社,0936168946,07052731366,kaku@yamatomo-shouji.com,福岡県,アクティブ,1
西日本リユース株式会社,0936025196,08019341078,info@reuse96.com,福岡県,アクティブ,1
あきテスト回収株式会社,0406760690,,info@appfield.io,兵庫県,アクティブ,1
アミックス株式会社,0292741762,09078168958,info@amix-net.com,茨城県,アクティブ,1
株式会社西原商事,0936440158,09040536315,info@dusttalk.com,福岡県,アクティブ,1
株式会社スリーエイセズ,0489884355,08034293865,contact@3aces.jp,埼玉県,アクティブ,1
株式会社高橋産商,0486528884,08022378985,info@takahashi-sansyou.co.jp,埼玉県,アクティブ,1
株式会社サン・クリーンサービス,0434233629,09072485432,sas-eigyo@sas-group.jp,千葉県,アクティブ,1
株式会社イナミコーポレーション,0897557111,0897557111,info@inami-173.co.jp,愛媛県,アクティブ,1
花園産業有限会社,0432725253,08034631280,hanazonosangyou@oregano.ocn.ne.jp,千葉県,アクティブ,1
株式会社トラッシュソリューションズ,0899711936,0899711936,info@trash1936.jp,愛媛県,アクティブ,1
株式会社丸良商事,0485262000,08092909620,marukoba@atlas.plala.or.jp,埼玉県,アクティブ,1
株式会社マルミ,0965335177,,mimi-takaki.marumi@extra.ocn.ne.jp,熊本県,アクティブ,1
株式会社タダオ,0834620120,09077786266,tadao@tadao.co.jp,山口県,契約書却下,0
東海装備株式会社,0528418627,0524325130,tokaisobi@iris.ocn.ne.jp,愛知県,アクティブ,1
株式会社三和クリーンサービス,0878222413,09086990902,koshio@sanwaclean.com,香川県,アクティブ,1
株式会社グリーンロジスティクス,0962930743,08083696819,okano@greenlogistics.co.jp,熊本県,アクティブ,1
有限会社藤城清掃サービス,0473740822,08046325595,fujishiro_s_s@yahoo.co.jp,千葉県,アクティブ,1
有限会社塚本商店,0547450888,09078184210,g-ohishi@tsukamoto-shouten.co.jp,静岡県,アクティブ,1
株式会社シンコー,0957207373,09019796701,kimura@sinco-ltd.com,長崎県,アクティブ,1
有限会社野原商事,0559628788,0559628788,s-nohara@noharasyoji.jp,静岡県,アクティブ,1
東海クリーンシステム株式会社,0559255553,07014401245,info@tokai-cs.com,静岡県,アクティブ,1
有限会社鈴清社,0593823682,09017448534,reiseisha@cream.plala.or.jp,三重県,アクティブ,1
ナガイホールディングス株式会社,0525084153,09021324729,norihitomatsuo@nagaiholdings.jp,愛知県,アクティブ,1
株式会社水越,0294362545,07039722464,yoshie-k@mizukoshi-re.co.jp,茨城県,アクティブ,1
Phoenix株式会社,0877229069,08031621532,phoenix_5300@yahoo.co.jp,香川県,アクティブ,1
有限会社木更津清掃社,0438401111,09030418887,info@kisarazu-s.co.jp,千葉県,アクティブ,1
株式会社カナザワ,0994411717,09057363820,uchimura@41-1717.jp,鹿児島県,アクティブ,1
東広島環境開発センター有限会社,0824345977,09031797280,takayuki@hh-kankyo.co.jp,広島県,アクティブ,1
demo(行政変更禁止),0432045805,0432045805,daitisama1229@gmail.com,福岡県,アクティブ,1
黒木商事,0934815150,09045830405,kuroki_syouji@yahoo.co.jp,福岡県,アクティブ,1
株式会社コマツクリアメンテナンス,0761240767,0761240767,komatuclea@pof.hitwave.or.jp,石川県,アクティブ,1
株式会社第一ビル管理センター,0172283206,,dai1bill@iaa.itkeeper.ne.jp,青森県,アクティブ,1
有限会社ワンダー商会,0197225353,09087881550,info@wondersyoukai.com,岩手県,アクティブ,1
株式会社青森廃棄物処理センター,0177397561,09097483002,info@aohai.co.jp,青森県,契約書却下,0
第一清掃株式会社,0178442624,08082066975,t-sugisawa@daiichi-seisou.co.jp,青森県,アクティブ,1
有限会社南越クリーンシステム,0778212592,08029522592,nannetsu-clean@drive.ocn.ne.jp,福井県,アクティブ,1
株式会社サンハート,0957288218,09019796701,kimura@sinco-ltd.com,長崎県,アクティブ,1
株式会社山﨑紙源センター,0985242551,09059492551,nagatomo@yamasaki-net.co.jp,宮崎県,アクティブ,1
株式会社フクシマライフサービス,0245396757,08088384946,info2@f-lifeservice.com,福島県,アクティブ,1
ワートスナジー株式会社,0224525701,09014918570,nakamura@kankyo-no-warto.com,宮城県,アクティブ,1
有限会社髙木産業,0832821665,09089184320,takagisangyou@outlook.jp,山口県,アクティブ,1
トネリサイクルシステム株式会社,0276638245,07039538246,s.kai@tone-rs.co.jp,群馬県,アクティブ,1
有限会社きたむら処理企画,0898485789,08028553501,kitamura@kkd.biglobe.ne.jp,愛媛県,アクティブ,1
株式会社勝,0878137740,08039299057,katsuho.41@kuf.biglobe.ne.jp,香川県,アクティブ,1
株式会社西日本ロジクル,0975940232,09029680987,deguchi@rogicle.com,大分県,アクティブ,1
ミツヤ山口株式会社,0839896969,08011888105,sugino@mitsuya-k.jp,山口県,アクティブ,1
有限会社エコトピア九州,0975559177,09029680987,deguchi@rogicle.com,大分県,アクティブ,1
高嶺清掃株式会社,0336967111,08032152853,sudo@eco-takane.com,東京都,アクティブ,1
ミツヤ工業株式会社,0836620031,08011888105,sugino@mitsuya-k.jp,山口県,アクティブ,1
株式会社村山運送,0236651277,0236865675,takahashi@murayama-unso.co.jp,山形県,アクティブ,1
上原商事有限会社,0487367171,09045409149,ueharasyouji@gmail.com,埼玉県,アクティブ,1
株式会社野々村商店,0582399921,09085569053,nonomura@eagle.ocn.ne.jp,岐阜県,アクティブ,1
株式会社山形,0829541513,08019040907,info@yamagataeco.com,広島県,アクティブ,1
株式会社サピックス,0862790001,09031758576,ei-awaya@sapix.ne.jp,岡山県,アクティブ,1
有限会社クリーン日向,0982533109,08088480230,qqn54k69k@clean-hyuga.com,宮崎県,アクティブ,1
クリーン筑紫野有限会社,0929208455,0929208455,clean@mottainai-challenge.co.jp,福岡県,アクティブ,1
有限会社進栄サービス,0593397000,09010945300,info@530.co.jp,三重県,アクティブ,1
有限会社日清資源,0236871900,08016613972,misawa@nissinsigen.co.jp,山形県,アクティブ,1
株式会社上越グリーン,0255203616,,info@j-green.co.jp,新潟県,アクティブ,1
有限会社ウエスト三原,0848633909,09084507089,suzuka@lime.ocn.ne.jp,広島県,アクティブ,1
株式会社タシロ清掃,09014380595,,n-tashiro@tashiroseisou.com,栃木県,アクティブ,1
株式会社エコプラン,0832503700,09094651870,info@ecoplan21.net,山口県,アクティブ,1
有限会社福山清掃社,0849537325,08056278321,qqax8m39n@voice.ocn.ne.jp,広島県,アクティブ,1
株式会社エコ・クリーンヒラタ,0835382401,09041023171,w-hirata@c-able.ne.jp,山口県,アクティブ,1
オークス株式会社,0188572323,0188572323,auks@garnet.broba.cc,秋田県,アクティブ,1
有限会社神郡清掃サービス,0940337111,08027227901,nishiyama-k@shingun-cs.co.jp,福岡県,アクティブ,1
有限会社大平美装,0880376471,08029727002,t-yano@daisei-group.co.jp,高知県,アクティブ,1
株式会社トスマク・アイ,0762760636,09025149371,y-nagashita@tosmac.jp,石川県,アクティブ,1
有限会社みどり清掃,0886329288,0886329288,midori9288@mb.pikara.ne.jp,徳島県,アクティブ,1
関西興業株式会社,0667836458,09071195588,office@kansaikougyo.com,大阪府,アクティブ,1
有限会社大阪クリーンシステム,0678508864,,ocs@zeus.eonet.ne.jp,大阪府,アクティブ,1
株式会社ダイセイ,0888843811,08029727002,t-yano@daisei-group.co.jp,高知県,アクティブ,1
株式会社ニシゲン,09067700054,,nisigen@cyber.ocn.ne.jp,福岡県,アクティブ,1
テスト,08021961393,,demo025422@gmail.com,福岡県,アクティブ,1
渡商有限会社,09090791338,,info@watashou-kitakyushu.com,福岡県,アクティブ,1
アーバンエコアシスト株式会社,0120245341,09034981251,info-eco@urbaneco.co.jp,神奈川県,アクティブ,1
トーセン株式会社,0898366345,,kataoka0469@yahoo.co.jp,愛媛県,アクティブ,1
株式会社越治産業,0933410051,0933410051,e.koshiji@koshijisangyo.com,福岡県,アクティブ,1
有限会社惠上商店,0979328116,0934831010,suzukawa-a@egami.jp,福岡県,アクティブ,1
有限会社月俣産業,0937911341,,tsukimatasangyou@sky.plala.or.jp,福岡県,アクティブ,1
有限会社栗山商店,0934825673,,jkuriyama@zeroalpha.jp,福岡県,アクティブ,1
株式会社丸綿産業,0934754708,09048014192,info@marumen.jp,福岡県,アクティブ,1
有限会社アースクリーンサービス,09030972364,09010495624,earth.clean@mist.ocn.ne.jp,千葉県,アクティブ,1
株式会社北辰産業,0434897968,0434897968,info@hokushin-sangyo.co.jp,千葉県,アクティブ,1
ecomate有限会社,0457915633,07066671024,kanamori@ecomate.jp,神奈川県,アクティブ,1
株式会社花園サービス,0471326011,0471326011,support@eco-hanazono.com,千葉県,アクティブ,1
みどり産業株式会社,0436222020,09045382858,midori51.sack@midori-sangyou.co.jp,千葉県,アクティブ,1
三友環境サービス株式会社,0443555211,0443555211,sanyu@sanyukankyou.com,神奈川県,アクティブ,1
株式会社都城北諸地区清掃公社,0986380234,0986525636,seisou10@mk-seisou.com,宮崎県,アクティブ,1
有限会社環境産業,0958301111,0958301111,info@kankyo-sangyo.jp,長崎県,アクティブ,1
有限会社糸井,0992431253,08043261744,tumiki2015@yahoo.co.jp,鹿児島県,電子契約書送付済み,0
有限会社野田清掃社,0957558844,080560006707,nodaseisou_8440@yahoo.co.jp,長崎県,アクティブ,1
株式会社ECJ,0458510001,08034960045,office@ecj.co.jp,神奈川県,電子契約書送付済み,0
ヤマダ産業株式会社,0492267722,0492267722,think.co@jeans.ocn.ne.jp,埼玉県,アクティブ,1
株式会社HAND,0429979117,08031787078,s-kaneco@eco-crew.jp,埼玉県,アクティブ,1
第一環境施設株式会社,0985323200,08017603566,dk-kankyog8@titan.ocn.ne.jp,宮崎県,アクティブ,1
株式会社クリーンネス藤原,,,uchida@cleanness-fujiwara.com,埼玉県,,0
有限会社西村産業,0940422314,08021961393,egashiradaiti@gmail.com,福岡県,アクティブ,1
株式会社新関西テクニカ,0774432380,09063238802,skt-g@kanteku.co.jp,京都府,アクティブ,1
未来運輸株式会社,0593275369,08047548362,kazuhirokido@mirai-2020.com,三重県,アクティブ,1
有限会社四国環境開発,0895272000,0895272000,sikokukankyou@mg.pikara.ne.jp,愛媛県,契約書却下,0
新居浜清掃企業株式会社,0897463561,0897463561,seisoukigyou@nsk-c.jp,愛媛県,アクティブ,1
有限会社丸市環境開発,0894624732,09062890086,infomaruichikk@gmail.com,愛媛県,アクティブ,1
有限会社西村興業,0888318329,09052709575,tetsu@tuba.ocn.ne.jp,高知県,アクティブ,1
有限会社大前田商店,0888621555,08056650601,eco@omaeda.com,高知県,アクティブ,1
有限会社シトラス,0895272335,09077897994,hatano@md.pikara.ne.jp,愛媛県,アクティブ,1
株式会社宇都宮清掃社,0894331618,09097749414,qydrt314@yahoo.co.jp,愛媛県,アクティブ,1
南海ビルサービス株式会社,0889427750,09082857751,nankai7750@mc.pikara.ne.jp,高知県,アクティブ,1
アシスト北九,0939814560,09052806314,info@assist-k9.com,福岡県,アクティブ,1
足摺環境衛生株式会社,0880822318,0880822318,asikann4852@forest.ocn.ne.jp,高知県,アクティブ,1
有限会社惠上商店,0979328116,0979328116,egami-s@egamii.jp,大分県,アクティブ,1
株式会社R－テック,09077804966,09077804966,gxhgm020@yahoo.co.jp,愛媛県,アクティブ,1
有限会社勲栄総建,09019297999,09019297999,kunei1214@gmail.com,熊本県,アクティブ,1
有限会社クリーンセンター,0893253329,0893253329,ccc@forest.ocn.ne.jp,愛媛県,アクティブ,1
有限会社COLOR,0888779186,0888779186,info@color2018.com,高知県,アクティブ,1
有限会社宇佐興産,0978320065,0978320065,usakousan@movie.ocn.ne.jp,大分県,アクティブ,1
株式会社ジー・ケーサービス,09084006998,09084006998,jimusho@gk-service.jp,山口県,アクティブ,1
株式会社ニシゲン,0949225566,08012345678,huihoihrg@oiueoi.com,福岡県,アクティブ,1
株式会社井藤商店,0839725883,08057044356,info@ito-syoten.jp,山口県,アクティブ,1
赤帽濵島運送,0992649227,09094826331,big39.hama.ma@gmail.com,鹿児島県,アクティブ,1
有限会社岩本商会,0936334578,09011879054,koyuri-325@go6.enjoy.ne.jp,山口県,アクティブ,1
ミツバチ運送,0992699856,0992699856,honeybee-books@vega.ocn.ne.jp,鹿児島県,アクティブ,1
株式会社丸美クリーン,0875721447,0875721447,miki4131@outlook.jp,香川県,アクティブ,1
株式会社アール・エス産業,08027540971,08027540971,au19660808@yahoo.co.jp,鹿児島県,アクティブ,1
株式会社京葉エナジー,0432508811,08068273839,ayumu-tsuruta@keiyoenergy.co.jp,千葉県,アクティブ,1
有限会社アーク開発,0473925380,07054511793,t.terada@arc-dev.co.jp,千葉県,アクティブ,1
有限会社飯田産業,0432579191,09055219655,negisi@iidasangyou.co.jp,千葉県,アクティブ,1
有限会社いなばん,0432422937,0432422937,inaban.sect@bg.wakwak.com,千葉県,アクティブ,1
千葉興産株式会社,04324713212,09078249166,info@ckk-re.com,千葉県,アクティブ,1
有限会社セイワ,0432055383,0432055383,seiwa.s-mgr@kem.biglobe.ne.jp,千葉県,アクティブ,1
彩美建創,0998017116,0998017116,ryuu8156@icloud.com,鹿児島県,アクティブ,1
株式会社アイクリーン,0471926566,0471926566,hakko@muse.ocn.ne.jp,千葉県,アクティブ,1
片付け屋Ｊｏｅ（かたづけやじょー）,08010618923,08010618923,kiyoshi.koba@docomo.ne.jp,茨城県,アクティブ,1
東洋プラントサービス株式会社,0479460875,0479460875,toyo-p-kamisu@trad.ocn.ne.jp,茨城県,アクティブ,1
三幸企業株式会社,0368046961,09072419327,sanko@sj8.so-net.ne.jp,東京都,アクティブ,1
大谷清運株式会社,0336005561,08010431034,f-nozaki@otaniseiun.com,東京都,電子契約書送付済み,0
株式会社蒼天産業,0995733523,09057444200,soutensangyo@wine.ocn.ne.jp,鹿児島県,アクティブ,1
株式会社三山商店,0470920424,08080388800,miyama-shouten@cotton.ocn.ne.jp,千葉県,アクティブ,1
山口清掃有限会社,0474911845,0474911845,sora20218@yahoo.co.jp,千葉県,アクティブ,1
株式会社南栄運輸,0992692130,09097246392,k-nagamatsu@nanei-exp.co.jp,鹿児島県,アクティブ,1
株式会社TCRクリーンサービス,0998112431,07023072246,tcrcs26@gmail.com,鹿児島県,アクティブ,1
株式会社高野臨海商事,0299833330,0299833330,takano-rinkai@ce.wakwak.com,茨城県,アクティブ,1
株式会社OPENSPACE,08039054747,08039054747,benriya.shiina@gmail.com,茨城県,アクティブ,1
有限会社青山,09014000550,0299834832,info@4832.jp,茨城県,アクティブ,1
株式会社ダイゼン,0297230086,08081540408,sanjou@daizen-group.com,茨城県,アクティブ,1
亀田産業有限会社,0965453551,09073946645,hiromi.kame0805@gmail.com,熊本県,アクティブ,1
Jカンパニー株式会社,0299945677,0299945677,jcompany1105@yahoo.co.jp,茨城県,アクティブ,1
株式会社三和商事,0474577773,09053243300,ohta@sr-corporation.com,千葉県,アクティブ,1
ノースウエスト,08029446261,08029446261,northwest00715@gmail.com,大分県,アクティブ,1
株式会社アール・ラウンド,0878998216,0878998216,pikkarinko@gmail.com,香川県,アクティブ,1
総合環境サービス合同会社,0296735523,08054058161,otasukegoku@gmail.com,茨城県,アクティブ,1
有限会社及川建材興業,0473370265,0473370265,oikawa@ag.wakwak.com,千葉県,アクティブ,1
株式会社俐玖,0298462190,07024702300,rikyu193@gmail.com,茨城県,アクティブ,1
四国中央クリーン株式会社,0896232227,0896232227,qqt76gkd@rose.ocn.ne.jp,愛媛県,アクティブ,1
株式会社クリーン北部九州,0947859300,0947859300,cleanhokubukyushu@gmail.com,福岡県,アクティブ,1
家工房行方小貫店,09085842476,09085842476,ikb.ngtn@gmail.com,茨城県,アクティブ,1
有限会社光陽商会,0952980721,09033205130,kouyou.eco@maroon.plala.or.jp,佐賀県,アクティブ,1
合資会社協和,0988894268,07065954268,leqio.kyouwa@gmail.com,沖縄県,アクティブ,1
リビング・ワークス,09039387190,09039387190,taka99117@gmail.com,福岡県,アクティブ,1
平川運送有限会社,0177292377,09036434266,hirakawa.unsou@outlook.jp,青森県,アクティブ,1
エス・アンド・エイチ,0178807590,08088802740,s.h.group1107@gmail.com,青森県,アクティブ,1
琉球管理産業株式会社,0989398001,09049960320,info@ryukyukanri.co.jp,沖縄県,アクティブ,1
丸善エコアース有限会社,0299570530,0299570530,maruzen5383@river.ocn.ne.jp,茨城県,アクティブ,1
セレクト,09079377640,09079377640,kazuhironakatsubo@gmail.com,青森県,アクティブ,1
全明商事,08069378584,08069378584,zenmeicorp@gmail.com,長野県,アクティブ,1
株式会社齋藤クリーンアップ総業,0286113678,09080833122,saitoucleanupsougyou@gmail.com,栃木県,アクティブ,1
有限会社クローバー商事,0173292387,0173292387,gosho.clover@vesta.ocn.ne.jp,青森県,アクティブ,1
株式会社東北クリーン,0172331919,08028056313,moriyama@tohokuclean.com,青森県,アクティブ,1
有限会社藤健,0196228139,0196072014,fujikenmorioka.8139@gmail.com,岩手県,アクティブ,1
株式会社愛媛ダスト,0899728217,0899728217,c.chang.138@gmail.com,愛媛県,アクティブ,1
株式会社総伝,0286568789,08056857995,souden.tochigi@ecolife-tochigi.com,栃木県,アクティブ,1
有限会社五月女商店,0287322270,09024832885,soutome5@yahoo.co.jp,栃木県,アクティブ,1
合同会社ライフサービス,0286652701,09054245040,lifeservice1031@gmail.com,栃木県,アクティブ,1
株式会社星商事,0288771911,09014457920,hoshi-syouji@blue.ocn.ne.jp,栃木県,アクティブ,1
大阪衛生株式会社,0666561800,09051518286,takeda@osakaeisei.com,大阪府,アクティブ,1
株式会社岩本商店,0542471879,08033475721,a-ota@recycle-iwamoto.co.jp,静岡県,アクティブ,1
株式会社管理システム,0235573225,08044305880,rec@kksnet.co.jp,山形県,アクティブ,1
株式会社齊藤興業,0196962526,08045922203,contact@saitou-kougyou.jp,岩手県,アクティブ,1
株式会社緑色・エコ・グリーン・技術,09031989774,09031989774,ms2hk6a12sou@yahoo.co.jp,福岡県,アクティブ,1
株式会社エイコー,0928812433,0928812433,dust.talk.0419@gmail.com,福岡県,アクティブ,1
株式会社イワフチ,0952865433,0952865433,kenichi.kouda@iwafuchi-group.co.jp,佐賀県,アクティブ,1
株式会社西日本技研,0952982711,0952982711,nishinihongiken-kk@lib.bbiq.jp,佐賀県,アクティブ,1
有限会社アバクリーン,0952250339,0952250339,abaclean@po.bunbun.ne.jp,佐賀県,アクティブ,1
有限会社アオイ工業,0936186803,0936186803,aoikougyou@tc4.so-net.ne.jp,福岡県,アクティブ,1
中央清掃有限会社,0238226100,0238226100,h1311918@aurora.ocn.ne.jp,山形県,アクティブ,1
有限会社佐賀資源開発,0952712018,08052652018,kuzumi@sagashigen.co.jp,佐賀県,アクティブ,1
株式会社岩田商店,0534411110,09019804399,naoki@iwata-st.co.jp,静岡県,アクティブ,1
株式会社エヅリン,0287467669,0287467669,info@ezurin.co.jp,栃木県,アクティブ,1
有限会社芳村商店,0568842587,08047709760,info@yoshimurasyouten.jp,愛知県,アクティブ,1
有限会社平井商店,0274233869,09043888284,hirai.syoten@gmail.com,群馬県,アクティブ,1
株式会社西本商事,0482849960,09032658615,info@nishimotoshouji.co.jp,埼玉県,アクティブ,1
株式会社共栄商社,0466481888,08011178166,yasuyuki.sugano@kyoeishosha.co.jp,神奈川県,アクティブ,1
笹原商店株式会社,0485410524,08065060080,eco@sasaharashouten.jp,埼玉県,アクティブ,1
野上チップ工業有限会社,0274630709,09072626970,shiho3050t@docomo.ne.jp,群馬県,アクティブ,1
株式会社一不二総業,0352265057,08068829463,taka19900615@outlook.jp,東京都,アクティブ,1
株式会社埼玉タウン,0480244161,08056402100,saitamatown2019@gmail.com,埼玉県,アクティブ,1
有限会社クリーン東海,0534736601,08082669902,clean-tokai@outlook.jp,静岡県,アクティブ,1
有限会社スズヒロ商会,0336208678,08010840463,suzuhiro.forever@ever.ocn.ne.jp,東京都,アクティブ,1
有限会社新井商事,0559768804,09018237017,arai5383@yahoo.co.jp,静岡県,アクティブ,1
株式会社杉山,0542789990,08094679523,webadmin@k-sugiyama.co.jp,静岡県,アクティブ,1
中高年事業団やまて企業組合,0339874571,08058987267,eigyo@yamate-kigyo.jp,東京都,アクティブ,1
庵原興産株式会社,0545853961,09090239711,t-mori@lime.ocn.ne.jp,静岡県,アクティブ,1
有限会社クリーンオオシバ,0538358314,08026434443,ohshiba@juno.ocn.ne.jp,静岡県,アクティブ,1
有限会社大橋商事,0538383193,08051342503,info@ohashishouji.com,静岡県,アクティブ,1
株式会社スズケイ,0465634177,08056496800,futami@indigo.plala.or.jp,神奈川県,アクティブ,1
明栄環境株式会社,09033710532,09033710532,meieikankyo@icloud.com,福岡県,アクティブ,1
中津ゆうび有限会社,0979329455,0979329455,inoue-n@yubi.biz,大分県,アクティブ,1
株式会社マルコー,0550888970,09027728970,info@maruko-corp.jp,静岡県,アクティブ,1
有限会社池田商店,0936037888,09036060488,ivansmagghe.feat.i@gmail.com,福岡県,アクティブ,1
株式会社利根川産業,0338550732,09041727942,y-tonegawa@tonegawa-s.co.jp,東京都,アクティブ,1
株式会社くれすと,0356479072,08068484477,crest72@leaf.ocn.ne.jp,東京都,アクティブ,1
有限会社松山商店,0336452245,08023430771,matsuyama.s2245@gmail.com,東京都,アクティブ,1
有限会社フロンティア,0338995807,08012159984,tanak@f-frontier.co.jp,東京都,アクティブ,1
逆瀬川株式会社,0358797865,09067190514,info@sakasegawa-r.co.jp,東京都,アクティブ,1
有限会社ヴレーメン,0336957558,09088793853,luna7777765@yahoo.co.jp,東京都,アクティブ,1
有限会社神山産業,0338492763,08010441125,info@kamiyama-sangyo.co.jp,東京都,アクティブ,1
株式会社増建,0337657858,09088178075,info@masuken8888.com,東京都,アクティブ,1
株式会社アゼガミ,0336233507,08067856000,azegami53@ar.wakwak.com,東京都,アクティブ,1
株式会社環境整備,0336223081,08058776106,kato@kankyoseibi.com,東京都,アクティブ,1
小田商事株式会社,0333837371,0333837371,info@oda-syoji.co.jp,東京都,アクティブ,1
株式会社マツモト,0338863916,0338863916,wakaba.takahashi@matsumoto-ltd.co.jp,東京都,アクティブ,1
株式会社イーブライト,00000000000,,aqzxld1816@gmail.com,神奈川県,アクティブ,1
